bloque,cadena,hash,zeros,intentos
angel0162f293cbe4a906bbe1c70e8ac8a9da79e1439dd53dc4227e2ad37a88c182ad,12479814024989058970613228219132774567832861332305944145641503831740474557072678381743661984488786033294006586477787925622041114698359094350922280871713517,1bb498e5ecffc4872eb2d98553b86bc4a9faab300a3e71cba18a7c24c7e3a427,3,8
angel1bb498e5ecffc4872eb2d98553b86bc4a9faab300a3e71cba18a7c24c7e3a427,4477963903021546689681709256641917575988306358225439622630495052358433948872580019276725641739294349645318070016250985973818206155818897450831478366768116,17ef8f1c8dd22b5791d8dee203ec3e72fe1a9e9d54c171ae14fa36a70171ad07,3,8
angel17ef8f1c8dd22b5791d8dee203ec3e72fe1a9e9d54c171ae14fa36a70171ad07,12616279870997537426388501473369054921679629770355150247952522066635514505560442041352841929243422923602188168865240645310962958642951291432512711219498003,0e3f9ab0e1b6fd9cab053c3d3eeb0c0a00263106d3856cf6c6da3193ce5f344c,3,2
angel0e3f9ab0e1b6fd9cab053c3d3eeb0c0a00263106d3856cf6c6da3193ce5f344c,3594785007842860500860300576805273187937058176730169407279314795681355512645351288910837199560460782241539378944754215645261752131674691494982281757440582,0c952fb71cc3030ca883afa4b0890fcc4a3a5c14ace2aa2c98ad951cecc751c7,3,16
angel0c952fb71cc3030ca883afa4b0890fcc4a3a5c14ace2aa2c98ad951cecc751c7,11635188770574330293115844852080712553092566808147928055331918976013609567108657760668700072501600014352221601116247329011828061679340307688112992436431086,008b4746afea3cfe3946c10efb481419ab03714952a9eacbdaf92c8ae1396c43,3,3
angel008b4746afea3cfe3946c10efb481419ab03714952a9eacbdaf92c8ae1396c43,10748018961229219653454042690876487761909549212592358679225320510580027456936716077485884672545454541560710577600367018151134781901232847483413763598244282,11f282cc1e08e4e83f85911af9aeec149e6942a93afe98836d2bee0ca1c7f460,3,6
angel11f282cc1e08e4e83f85911af9aeec149e6942a93afe98836d2bee0ca1c7f460,9322710574478629468629387143396074659331259119328248383477143762345039112377741304852496782570685690587517103278512944465640822029652523179415881959110191,16bb319e0b0fe6cd9c61aa468e51e684c91d430e13a6d177cae6508b4fb9795a,3,7
angel16bb319e0b0fe6cd9c61aa468e51e684c91d430e13a6d177cae6508b4fb9795a,1846706183777012673008041435936992409463884668360595907086377447731190014031100545431462720685934675546356282610785175861267542953567384380812802671850119,17347f50a8e7672463a4dbeca5fc92d9c9f6bed49bc26b9c8a17efa7548c45df,3,5
angel17347f50a8e7672463a4dbeca5fc92d9c9f6bed49bc26b9c8a17efa7548c45df,4189062322081837100669049487371471629398084652288782747868894244009458157873231230677669305690236469193641297453554871064142282599103622405926340422481484,03cb950f4368ce8a88790b9d5016867776d7ffb0d7e6cfc00d7bd98e548e2a30,3,15
angel03cb950f4368ce8a88790b9d5016867776d7ffb0d7e6cfc00d7bd98e548e2a30,3295193355570973813284916367403201883879690510473782956549654321929330129583364347604219721440009193865387167566433700069360396126056718454848673046111782,0895b076af588e05b3a380493121840b356ec4a004f7bc9c882a2bfab20ff136,3,9
angel0895b076af588e05b3a380493121840b356ec4a004f7bc9c882a2bfab20ff136,9078474274674907363222354445491627667116211047694286817559191940365768527672463471088405396767142303988443158446534741410873816696166890859296354674315602,097ebcd2f1cced73e0fb8ce89fd17794154cdb60e190a2de6d936ca637d7c4eb,4,23
angel097ebcd2f1cced73e0fb8ce89fd17794154cdb60e190a2de6d936ca637d7c4eb,6246679088176228046346989070148487034521963978117493445870282667821944094605651807599988894904883969425271174990404801155047512667748509415654477894725306,0557a67648781dd1e7685872e671413a9fc25c6bbf67446a3d8cfc530976a18c,4,2
angel0557a67648781dd1e7685872e671413a9fc25c6bbf67446a3d8cfc530976a18c,8410809171039896326091556010774652940090855824197194792746731705031829160091505800195694785736273762452731657083876219436387217581430199935836742023051873,03a45f84ad163a7596bbfb84a409f9981fd0585ab04eac09c625f5db491cb931,4,11
angel03a45f84ad163a7596bbfb84a409f9981fd0585ab04eac09c625f5db491cb931,10234506744477118183924625222808889655278299216533800325056326908427022741460192773118866814962243693155217537251135788432612612860617771837701321691523275,0993beec40928a1869c8f12f6f25874ab5db36ed707de5ab1a013c531f756b92,4,29
angel0993beec40928a1869c8f12f6f25874ab5db36ed707de5ab1a013c531f756b92,8586615258085392652349935551232546514720606095896893573281015137987135974046086114186847521469625543132178987401416834261995445378871100819765989554059235,041f502e5dc412450e049f1309c80d1a59b8053a2deaaedf88839ad6669ae9f4,4,20
angel041f502e5dc412450e049f1309c80d1a59b8053a2deaaedf88839ad6669ae9f4,1083747324343034333491748756870987884181698422837535954198762807013842008636049314956299117626709656511593193011779304361512072352998325155444379120153858,019793747360f46afef470f82b7960d1c222e74b237b2991896de1e613702af9,4,6
angel019793747360f46afef470f82b7960d1c222e74b237b2991896de1e613702af9,10392529190403450646128487460954719987887738665150908609185349199953436069787103650334155537508833677883525333350231064470545709360505154319266911928085539,01c5c8577089c70e506b2896b105d22597c2389fdd674823b1619b562008ef0e,4,21
angel01c5c8577089c70e506b2896b105d22597c2389fdd674823b1619b562008ef0e,9955724060578821741331360817958453623357473976473753630535179584466674893242534369183711908966926765982234378646534385624975392507329803769259620358241012,001e5504379296416105675214c15fd759c2d8cfd1a9af0d4c25fd10977f518f,4,37
angel001e5504379296416105675214c15fd759c2d8cfd1a9af0d4c25fd10977f518f,5385990337940155613238837951091042965875908576200722522150277964080864437250352008148886714319075850218020199932594121099481354236348649782686828704946184,0eded9f14a488987c186d755a7b8f7ef08f728b08b30d43cdf4a411cc17c38c4,4,5
angel0eded9f14a488987c186d755a7b8f7ef08f728b08b30d43cdf4a411cc17c38c4,3065013161553869695856843106292136888540531820834287579293479717923783291642908820886293096452420909360869572789520989844404831346534093094609623659443439,0f6debb99669a338723edf365f9a68967d8a1b794f9a5c0d489950862dc90898,4,18
angel0f6debb99669a338723edf365f9a68967d8a1b794f9a5c0d489950862dc90898,1288839682832520128940352849581399212352325972472737959060657655213198984168248067375427745632401457918085836731814042188136605173297413004765322652664024,0599c4b4ea81049b203f699f0b885f908d7232de3d46ca0e9983c3a8de658e98,5,43
angel0599c4b4ea81049b203f699f0b885f908d7232de3d46ca0e9983c3a8de658e98,6289999001379894236284477498796779467941157950218488497842305724652561349031203557214385579306631259606288956352309675824679988480103127143612994671325661,07fc0f5d62ea6b9b9f15c43a86ff7867ca22c867ea8a5e90128c7089fc90e51d,5,70
angel07fc0f5d62ea6b9b9f15c43a86ff7867ca22c867ea8a5e90128c7089fc90e51d,10540519931989857586318892381111963939208610179738799441275113290459309616192784580930350341632991774057444971135871120515242961749290673150554586579716454,0437db7a5000976d93916bfc5b9bcda8201f361116b673b0df4eb1bc95eeb77c,5,7
angel0437db7a5000976d93916bfc5b9bcda8201f361116b673b0df4eb1bc95eeb77c,4470179078592475551711803664210083122780192680576272012582862759991438061652709690206884419608489863928181815373454541881873839296316200377742484170473038,0591366c63a0f7998dd56fb8cf8828b28ebe6ab659f5bbe6030ccd68eb47ba71,5,73
angel0591366c63a0f7998dd56fb8cf8828b28ebe6ab659f5bbe6030ccd68eb47ba71,1339768913337820840281315172549520697629369644656816005494437554559782607526969499665851225363438669903290492731832729004740531880693241993565426542030985,009c6368a58996842bde570bf0aa99ea99fb56c111e719d790187cf3484dc25b,5,68
angel009c6368a58996842bde570bf0aa99ea99fb56c111e719d790187cf3484dc25b,5697837981068154465051561010983336115273803523623302595737488348077616335050664994839250394444782237583522407877286190090552592163296568935456454034052679,06c5412a63f651b6fdf5f804d3b4395248a497cfc1b98ebbeb5c34c601165ac6,5,10
angel06c5412a63f651b6fdf5f804d3b4395248a497cfc1b98ebbeb5c34c601165ac6,8146017571523712920032652792787559319506882533373946304607890606979475318298319132968107576277802603677926490305759935150593802490843006790319665003946585,047819e241995d4dd695fc02dd451068c82fbef3f565f42ea6432d5a49d396d1,5,19
angel047819e241995d4dd695fc02dd451068c82fbef3f565f42ea6432d5a49d396d1,9426015837612865060977337715609435800968020099693863930589936017346906429246776032049564724107241173122616605519112580273540360255662398489817713189469666,0573bfe14d5cfb13096ecb94b21b2441faf835beec2a65ed231c87bb44b0b2ab,5,58
angel0573bfe14d5cfb13096ecb94b21b2441faf835beec2a65ed231c87bb44b0b2ab,2216651190076276566211410402043680064615801301795106390335030554279003891500283831533430682544001927811696388557029192570848723911188433908792254652215106,05672f85833c71833d5a310f8d6511da53c9e5995ec18460f5b6c3c9678cade2,5,1
angel05672f85833c71833d5a310f8d6511da53c9e5995ec18460f5b6c3c9678cade2,7604215348566036312866509692150607386678724180222735219814444297778019308026204090364113578913024603847876657795675281773442842239761415034934566646966383,04f0dc27d3a4fa05f8eb56f45c0e4db96ed83dd7d16e3330d19165139b4fb353,5,18
angel04f0dc27d3a4fa05f8eb56f45c0e4db96ed83dd7d16e3330d19165139b4fb353,9129097440992034669448428598811720518726337489725695057561144913794357584795431333935370974587614871791192407722490090636531371336954814293637059266726961,01b1a72b276a0d9f1c1ea2573a15beddca8ce9e4f9d2443598d1e3296276a4c5,6,160
angel01b1a72b276a0d9f1c1ea2573a15beddca8ce9e4f9d2443598d1e3296276a4c5,3381462269729184876663849240241936856161902710490673871317724086529234401071322150982072389208164697679191286974145483318533428157458697982197427043853318,0387b2d11ce92efe67cb81ae4e96b78d30586e3106ef84accaa61b4b981c32ee,6,11
angel0387b2d11ce92efe67cb81ae4e96b78d30586e3106ef84accaa61b4b981c32ee,2152376459914129092498949334195020271695088315375463334829466493883903295873324064666809505941982942864937107061465792732071105433285321029203322883513153,01a68dce20e9519ca9d91ffad5ecf81b63644a89cc7477f1e5c8cf6bae0de924,6,11
angel01a68dce20e9519ca9d91ffad5ecf81b63644a89cc7477f1e5c8cf6bae0de924,2863794681708112317652190318495412301923198791088740142037629204944512062901123389214747094416327917317852742560896158822284647749494020652452554127122690,00beb7e40e1774ff371139873565e80b1e45a6226ccc6fa8e0f47cbea0c7a7eb,6,81
angel00beb7e40e1774ff371139873565e80b1e45a6226ccc6fa8e0f47cbea0c7a7eb,652793147318381826352005528889737063515797969469995335775164885277791036920795141077100817150113994893410014128685943036927006842546701101745262267934914,01148c9bcae15cd3e138ef5ce5a05111f8d50819b933856f660c989d6941a0b1,6,35
angel01148c9bcae15cd3e138ef5ce5a05111f8d50819b933856f660c989d6941a0b1,12503672167206427899132620768425841585492914343110752656549710123630355930020626902487807805630683751948998892170707241627608559090303016804783182737815259,03f12ee39e49fcbb065784a2a9496ec9df7181364271337c5c47969797b143f9,6,16
angel03f12ee39e49fcbb065784a2a9496ec9df7181364271337c5c47969797b143f9,4770731445997573146418970948196337834474806536780755540418788394743369627450284287519723890464097513479856477965031894488317947716831797518299471223892727,02c4e9ab94890eb2a08ef44d9f04e437d50e020b553ca901fd476c123e5c2f7e,6,54
angel02c4e9ab94890eb2a08ef44d9f04e437d50e020b553ca901fd476c123e5c2f7e,5784482868405443704587718739126317464521217454310842793159681120223089684192731861430210175767809081461533728356823274566121177537524819374063779760040925,02acc8feb4662aa9bc1e3262a6ff644dcb09875a75375e9380f50817be3cccd5,6,13
angel02acc8feb4662aa9bc1e3262a6ff644dcb09875a75375e9380f50817be3cccd5,13198206966741314394176757290179444886678877911213003217732125625194211889596256779635823453361980407471268273227298379599026573735274298624222527096022980,03c5f66e62666e29b27aa0e05bf485433d9760b1352a1bc2a05579ab71ea6e62,6,41
angel03c5f66e62666e29b27aa0e05bf485433d9760b1352a1bc2a05579ab71ea6e62,11711018045649811019729907057293380918730266692389056885706827218079224669514616566083390418414855737234168397684489064705185175948068999361029433073429116,03db89dcd3160907c43632ff4b6863ebe0d9ef329eb9aa80d4fbca9ea0fe1341,6,7
angel03db89dcd3160907c43632ff4b6863ebe0d9ef329eb9aa80d4fbca9ea0fe1341,5566608695755106417784236870130594990534697283340524982006885791142005180821935629046948814574229887657614671618460549784337258978617496590300060719986173,01b1fbc5199f832b55afd34673c9de75160eeeb9eefbc42117265d4ba67b1b2b,7,238
angel01b1fbc5199f832b55afd34673c9de75160eeeb9eefbc42117265d4ba67b1b2b,9192238745183294852295660297816727807382908393376240065952043622982618135116189547250685484939142714579933007291718367213884055589145158345508508409918890,017b1cabff3a6fcb73278ecb39978e1e639887634201c5a67caad9c0da75c00a,7,1
angel017b1cabff3a6fcb73278ecb39978e1e639887634201c5a67caad9c0da75c00a,6758035618210352013943181846909873028070937001745910095261769932455461734207253994710199139119460166400360071794263602987833673286384549412282944931742187,01bf8740baa15debd624263a99aa03871cea668fdb3e17b93b5bff7be2c061d2,7,246
angel01bf8740baa15debd624263a99aa03871cea668fdb3e17b93b5bff7be2c061d2,11270838573949684694811246316969943275384371344146985567356208859108445706219536104820593582041978161915262295839754170093948292317731656871763190218004606,0198f1273ea321a1f21c0e078c05b9acebdd8e8f1a97125410f455d36387f867,7,34
angel0198f1273ea321a1f21c0e078c05b9acebdd8e8f1a97125410f455d36387f867,5957838681044495877220259373112573621926803250539091141990834896088743983721769430226075059193363651312541193059616789225906048708054874077543950579086605,000a4cc4ad0d6a1fe5bcc442bba65a91d0765700d7b123bd624edfaf59bc8b11,7,217
angel000a4cc4ad0d6a1fe5bcc442bba65a91d0765700d7b123bd624edfaf59bc8b11,1319726823164089060061679128804093524793410444283185226509483214612386827884914770026287442556803441670829582907659392732324134309861258702199801353198967,018783c84530303eec7cec7c986292dd1af35614da981af1ef4db3e0a8ec62da,7,233
angel018783c84530303eec7cec7c986292dd1af35614da981af1ef4db3e0a8ec62da,11650917946816450914829410415211382479875100385266108687740959821661891477923107902952068352461077363360036576382390521063154015670909327617341402229453259,01e05b36405cfbf3421fb72b1b0c8f350bcdc0a7909fee3217ebba0216c1bd18,7,19
angel01e05b36405cfbf3421fb72b1b0c8f350bcdc0a7909fee3217ebba0216c1bd18,7266725871754647516384814661999188487099887880486285947559295034418686452054775905199086835950512327576209857071742798927103320290532325740642326553081964,00a45c720a6bfdd0952aadca9e56152dcda0e391404f34e5fa8fccb6af74c1c2,7,53
angel00a45c720a6bfdd0952aadca9e56152dcda0e391404f34e5fa8fccb6af74c1c2,9127601582414910385404828230371687130401771924277492648928091431531382293124236233538139902586196916798266150867134116703705324913904801658664870289854521,015b921d8340aca4b97d6f1948fb80ddf3bf1602ccae5ebcef136be052a1d4a9,7,49
angel015b921d8340aca4b97d6f1948fb80ddf3bf1602ccae5ebcef136be052a1d4a9,1573221141838844900601010595786107029453476416256243976916630105516026319692083907317601177544718471453329898587370827015987254004722471991599960328828723,01e64c66b00ea16b99fa9072bc8b71520c6ecccd26b8355f6053c9a6a325028d,7,7
angel01e64c66b00ea16b99fa9072bc8b71520c6ecccd26b8355f6053c9a6a325028d,9143774723401535918853435428583081900392673204079572536593922868234070850909618763691606417270514452185781515487455452575230949507131602290747297933069529,00360080a2c98b92d719e5b57068ad0dbafaf4e5feefe5ff6fb44f63aa02a3e7,8,185
angel00360080a2c98b92d719e5b57068ad0dbafaf4e5feefe5ff6fb44f63aa02a3e7,1915517149158079192981148484023759389352536501577927402544705076819840897037346682779841807990505831310326811628992243724058446341490102040135353060536321,00b815704be3c2093c215bc7def8bfca639c0767fa553f02fea60f8099c781a7,8,532
angel00b815704be3c2093c215bc7def8bfca639c0767fa553f02fea60f8099c781a7,4069650841370804491384134315690782844736619650496958309001824381563948423498717058132201139965554233209805468064930140328097284275599683938606340474596434,00476625fee1d610c1fa507bb4ff582e5dc7320de8ee8efd894d9775aca91206,8,236
angel00476625fee1d610c1fa507bb4ff582e5dc7320de8ee8efd894d9775aca91206,8253724420923184165174437683052248445263784929987299669548704307783512108315901330676530662746143114780211812801111497558899607252688872157159503729759504,002eddca65ed364e9e05111c6bb8db87b2211c60d4fb559b5fda76620ecf8802,8,446
angel002eddca65ed364e9e05111c6bb8db87b2211c60d4fb559b5fda76620ecf8802,3543620651580469475076048352418641692013860920085779602638742116176584074196815364939174638028639725113080468083747434842487904408986440881871938893336366,008e9587c4006c53d520eb5b65a99b86ea417078b197c15c1b01d3cd1510693f,8,101
angel008e9587c4006c53d520eb5b65a99b86ea417078b197c15c1b01d3cd1510693f,3131403574934235909351991436707213475949072373551036894982041291597007667273717878800779441992341932150466438991962606667899663107813168771234199510264042,00169e960ebf3716e846b9fe1251c9ada0d9ae87b4e9a7398f115e0475f9e1d5,8,540
angel00169e960ebf3716e846b9fe1251c9ada0d9ae87b4e9a7398f115e0475f9e1d5,5490575254781020916850976343976429709071724050566166112091812167420822933260487806857644244507969994477476436809374877003099961127920261357918200398297213,00f0287801c2df9a9f7b401750d11bbf2b4c639cacca9a56482b7918465c708d,8,443
angel00f0287801c2df9a9f7b401750d11bbf2b4c639cacca9a56482b7918465c708d,3464218846947359898902110392566081293515194631780070077052873964343035751801618826304864911578868105463851485532608725827089567258979638282362831872713334,004582719cb3ea41b5a449d331f6eec8e4a238f23c582771eb7b90c41cfb5125,8,740
angel004582719cb3ea41b5a449d331f6eec8e4a238f23c582771eb7b90c41cfb5125,6749255033143350859379439579120430958524277711025329518510649517103137401859881518857914189569777388448326191914321538291396549577124763211469181500709902,00a3788ddf374f2fae7a43a1de56171f821af0ed0114bbb8feadd89ebbc53ac7,8,28
angel00a3788ddf374f2fae7a43a1de56171f821af0ed0114bbb8feadd89ebbc53ac7,11515333521870145555364192121128290657872398688819401933976072703576050831628727228546423793992911249618097956325733538557537178530732061330282102608557819,007931c12c08c5611947de5f140bbf8a9d04c76f1c06513f7fb0e7182208d31a,8,160
angel007931c12c08c5611947de5f140bbf8a9d04c76f1c06513f7fb0e7182208d31a,11340631345409402307560159373702529529325342683133473686117601817462380472308700100176488638528447992893913951356858546122894896553572194970530011596182010,0022f8297e9a35d9a95fa724136afe66e55c9dec729d6337c6671947fd5ce6f8,9,345
angel0022f8297e9a35d9a95fa724136afe66e55c9dec729d6337c6671947fd5ce6f8,3536768098089979613537657587986197420378616844994379083167254039483086940207539815384511371912361702241615692085560398976881018072202707004757677874796542,0017ee27a3949a4894a0b53031ff869c3d81a4a7c4e56cd0a34befd33e34e094,9,945
angel0017ee27a3949a4894a0b53031ff869c3d81a4a7c4e56cd0a34befd33e34e094,6983928255599386692593981797590797140625823552573591555573938914606730261256359741536904478482531530891537023102242772544910998774495791020584984629322740,0048a7552fdab81825d41a7ec3bdb07d3c0da62f18a2558c5cba6c0eb657d8d3,9,700
angel0048a7552fdab81825d41a7ec3bdb07d3c0da62f18a2558c5cba6c0eb657d8d3,7226689813200932183343732037092352184596891487189705017364023221026353372437127794782126049276019141693480963894217702113217349799498782485125885293192276,006c955af424e7e34c90bfdab56e3ebe46221b7e9fb9e6d27c8f16d8b46f9f41,9,575
angel006c955af424e7e34c90bfdab56e3ebe46221b7e9fb9e6d27c8f16d8b46f9f41,1862596391226202414955826444792872608715065802415301675618392853128761545631745214802186614225192009668613595741653094375653961002844124116972137177522908,00045bc596ee4d0699e5bd5a039530bc386a3cc661a769d189fe480b1ebcfa7e,9,176
angel00045bc596ee4d0699e5bd5a039530bc386a3cc661a769d189fe480b1ebcfa7e,8914034884610289116717213238033852421781500256881057324652894228322607089171448014622075681627446589856955926297787807590009676687448529733707127006052374,0026c3367d562f1c8b1413eb9dcc3586c898a6796758b1024a080a59090ddaa6,9,1021
angel0026c3367d562f1c8b1413eb9dcc3586c898a6796758b1024a080a59090ddaa6,3659380656618463493007325465848123393472044481523352847065290630417997680734711303932568236291035276989226759255184405078537731129644910893547648290756485,00340ca73c2e5c949528e3b4a79ab6d412d94b78c1eca3c3cc1d66af1c0cf248,9,597
angel00340ca73c2e5c949528e3b4a79ab6d412d94b78c1eca3c3cc1d66af1c0cf248,9753973721858642912161471273519947689042356175918519012141422523271310169779137162123928233727875028644010717772922890521293914474521236112046073031158902,0051e1377736060ca5541172d9152fe93e92650f678da9a52871915cae923b44,9,73
angel0051e1377736060ca5541172d9152fe93e92650f678da9a52871915cae923b44,9848321143333432238182187286603863705436908066245677231694617330951279681131622870391477550082947993689465868308084941379516040385204722543264778927054160,007e185be958f00abc8f218cbdec08b4888c0a18ef828f4443a68cb3361782c9,9,146
angel007e185be958f00abc8f218cbdec08b4888c0a18ef828f4443a68cb3361782c9,12107250384812116376984221666745045272781281441964698430457752841767288476073377655194430671849920234910813715018494047817515988382611490872022658971873803,0032fdda91ea22f50f6bd3d57e2d5412c0cf35332b847fa58dc5c54063049c84,9,332
angel0032fdda91ea22f50f6bd3d57e2d5412c0cf35332b847fa58dc5c54063049c84,7994560234777869449529569150302179593835567616082371913105295980559580859029611537812306405203700104851649882732525162258039317365864620842238686245144586,003f7b54f25610b3ee6fd387eba13e770e7c6b50c1206c4b42ad684ed5c82e51,10,777
angel003f7b54f25610b3ee6fd387eba13e770e7c6b50c1206c4b42ad684ed5c82e51,13273526943386004679500937444707269961280773015261609132712371905575187824652969913157202735906086756449444897402090836448653911699094197979037237903308882,002a22e68735463450c3f516b9940988755d7c6689872973de0eb32f24490993,10,258
angel002a22e68735463450c3f516b9940988755d7c6689872973de0eb32f24490993,9154502403121348753668290063770002772292291923603517126118492987488544538521381879687902701556382598677842216438773915073981432684377323500963165617364131,0014947960b3adf64f13e666faac3685e6f8e9d813caf69a9be7792d646be217,10,706
angel0014947960b3adf64f13e666faac3685e6f8e9d813caf69a9be7792d646be217,2416422420529818101229355613680819627163049739850826512958267140402056549101784971527062361768971095512145729797090033664862284781136617924489880604640735,001a1b789acc2f4c83ee1d04e6fb1e58a0e41a707de262800ab58c5db4d1c460,10,115
angel001a1b789acc2f4c83ee1d04e6fb1e58a0e41a707de262800ab58c5db4d1c460,1735283415770106128743941955126323375692374524575482604737081604817143037166262066297696329180105095943901197245942967799415733916623436521892053876890084,001f8be727d49abafe2f7b67085877b4fb3d25becf11332408790369ac8c9802,10,797
angel001f8be727d49abafe2f7b67085877b4fb3d25becf11332408790369ac8c9802,9743592540299123351225529911463169185070880194311269815542449154828283737270180692478808769893662407446170770008200825452790410872608831547771849738974125,000a3070358d1c91f0ba832f0e8ae6436fac5abf70ac3f468f27e23456a417a2,10,2537
angel000a3070358d1c91f0ba832f0e8ae6436fac5abf70ac3f468f27e23456a417a2,979968244450999666067182978471009979110068749661152080824611127812062150096611034206969825426009501483247408520985320044199203727420863884162461921188611,0009c56ed4e45110aad78fb367edda4c78a396cd00b796da94f6ef09c93969e6,10,866
angel0009c56ed4e45110aad78fb367edda4c78a396cd00b796da94f6ef09c93969e6,1015586431038547467815273457331857286109395541405212744329715945601119634917270422415610139333611411356625880200051518795332116398856276552668247882708041,001fe2382ca6af3f5a94392988d7e7ebb4a6c288f30da4dd915266d599bd341c,10,813
angel001fe2382ca6af3f5a94392988d7e7ebb4a6c288f30da4dd915266d599bd341c,4429745169660670265939672054897889084878594523673616255076528483143269753172863442277515498693187915276047546628279351656289195572579535555298874699597788,0034a6c187651213c021da0c8280a60a17ce3acec2a0a97e6468cba65cd502e2,10,529
angel0034a6c187651213c021da0c8280a60a17ce3acec2a0a97e6468cba65cd502e2,6317367179827048420831985850475369766931936091342021068985873049336551723844522394385261325635779198392702170698493597698731862582862423686800833317485188,0029dd629cf81c3dce0980a5ac2cd636a661fad4131f509576086d428f4a341a,10,80
angel0029dd629cf81c3dce0980a5ac2cd636a661fad4131f509576086d428f4a341a,12921756653092088053813064876583523342887706605636006286794471803664620203419588782764104859242352993032401865410730999577229425643536245580542048830093882,001d4e48a26e5dcbd26382e62bc2b9a81be047fd74e9533fd5c17d52ff89181d,11,3046
angel001d4e48a26e5dcbd26382e62bc2b9a81be047fd74e9533fd5c17d52ff89181d,10305494989813147018184113712953374283683208730262380909939580139777022481578684357563914346488374123204481276080537586447434896866983248486466302056891815,0017f084e93e4b7ae97e8df41e3ea9afa141f17217a9e6743975ff561af56ad4,11,4412
angel0017f084e93e4b7ae97e8df41e3ea9afa141f17217a9e6743975ff561af56ad4,3551953643187177547206491851154849401907448827282804653759475502075520812077669710932455319677740168978390565059095883632181221862653607113761151673861997,0006fe63ce0c0a3e0d3fb48ed8e50e843c1147349bf329c66783d837ca2d2eec,11,200
angel0006fe63ce0c0a3e0d3fb48ed8e50e843c1147349bf329c66783d837ca2d2eec,10076164923157724468819189305257472966053058257189715184882376576739787959857690299976293439627587145324783937369167540526467037123677900212611404582263403,001d51288c24dfb5ac0f9d8048dd146fb121c8458cc00770ce20dbccc148c6be,11,519
angel001d51288c24dfb5ac0f9d8048dd146fb121c8458cc00770ce20dbccc148c6be,10002911759297503306046499930182190876937324289728542514852720926992711321667667428784289149103800986916453393445715561905500770510018199790749867490048351,000c2005827364559e446566251f722d79a8647a397b58d5ff5d7276d3f9a45b,11,3909
angel000c2005827364559e446566251f722d79a8647a397b58d5ff5d7276d3f9a45b,2736393053364766912489487969924539976583949007925545348662067420652584663821052875735748096366849595117653869661996435960951532178797441259391046771134925,0017d0c4c222faab71536c278b4d39a7d6b53dadc4c9367595bbf28c12000b8b,11,1791
angel0017d0c4c222faab71536c278b4d39a7d6b53dadc4c9367595bbf28c12000b8b,4046279081521789425677000667926602777047048384328358951657212215873736308545290526666437044899416748480525976266717561121638859700254992036887568128288992,00131a263838fa549fc5270f1e2d96964372125f87e03a94b25fd4fbc29dfe11,11,1688
angel00131a263838fa549fc5270f1e2d96964372125f87e03a94b25fd4fbc29dfe11,3394952987152443675617214144822449816352022227756072407741974764152390530986186255472746959885020705438332334441369199804610105330615146193611668928462167,0015c06aba91be100216b338380313052f6031af143491bf40362d29408a2d16,11,4819
angel0015c06aba91be100216b338380313052f6031af143491bf40362d29408a2d16,9061209863750258855191838372573419944130294953658190375573205027675780888655281173982859366706143311883410631771310580693349078597181206113833839491677861,000cbc27b39391420e0af8fa0b71b8710770af7fe7aa21ba53e77bcd5b6c27f2,11,720
angel000cbc27b39391420e0af8fa0b71b8710770af7fe7aa21ba53e77bcd5b6c27f2,6412279999812432939678425559500827191968350158975483014647759028721251387016327480614430320134047999242019534139967758636904249401016831469141265073683979,001a0d25f5a3eeb7b8447ac7ab12ef6b1942c1cff04efa507386cf4cc54ddd6a,11,2125
angel001a0d25f5a3eeb7b8447ac7ab12ef6b1942c1cff04efa507386cf4cc54ddd6a,6029781805421237306391072230269581870321906304577430704861572120449731657194044454057034606387674610539124275825345940988169672197242605691960227225073850,000dce014a3aafbcd94c06ac83424c18337301f65cbce713b2a91249c07e0fa8,12,188
angel000dce014a3aafbcd94c06ac83424c18337301f65cbce713b2a91249c07e0fa8,11709664308179656352000884279163063030307445688476411406274890882625972125522242337480331114828603725842938675448808513434756787209970213760371969279585136,000bbeafcab783c5a6b34d14ed9854e34ac5ce3c8d0158f8cb097f855daefed1,12,910
angel000bbeafcab783c5a6b34d14ed9854e34ac5ce3c8d0158f8cb097f855daefed1,5961798419713869483868267109804548927061703767365002179326755561618289663603894102846039178182569367388457334641759332428400727990146961977591103214936984,00063373cdeedfe7fb49fb84d04f8c0ad8187558795d2336a6dde8ee1a40dc13,12,2788
angel00063373cdeedfe7fb49fb84d04f8c0ad8187558795d2336a6dde8ee1a40dc13,9084041774382379177473700818574501722707446273396199913194941753159340206885935799015169790398694238361976862312416617637106870303256302823326424360922529,0006b63ed61f08143a07ad6537893a911a03b106fae5d33e42a5a1633250261e,12,7924
angel0006b63ed61f08143a07ad6537893a911a03b106fae5d33e42a5a1633250261e,777196187317478416466585548707793436297344450985671909166543867732087958602027135384824450166134624385056963950458977647608448251255453930338214928564622,000464ac3a535245933e416c26e8e83d7b2dd5603cf9bf038890000b816714f4,12,1344
angel000464ac3a535245933e416c26e8e83d7b2dd5603cf9bf038890000b816714f4,8285817817808627774306098362069950479413392963311629131737543856115287478534276433578817182815537516829989587021540782522526245635243276630684974195343936,000c095f3bb2ef483247cd88cb87de72ba8bd66e865411f9b71bd112b96778cb,12,584
angel000c095f3bb2ef483247cd88cb87de72ba8bd66e865411f9b71bd112b96778cb,4798987454757172609796763766328979102830998574049821058524194528010444217916879617096010678859444565738808787320475104325467759016234530413089174190983160,0008de1d3ae9889eb3d907c0ce1f416becb0803edf5a49290914e9d5f4dae27e,12,3340
angel0008de1d3ae9889eb3d907c0ce1f416becb0803edf5a49290914e9d5f4dae27e,3748010394474614587517662253936726587770881163472468853907865432086614784354351536639208449812571763864008225346776508742521233892665162458189592165805155,0007181938384d92178493d2fc4be05571d371f42b2fe1ba1ddf3a5ccbd22ce0,12,15490
angel0007181938384d92178493d2fc4be05571d371f42b2fe1ba1ddf3a5ccbd22ce0,2131524182976488783924782571874290479753028747433571053606243220868379204343734923864519545341638300469400907239799421394912672452772721668914657329265954,000a43c1d3a23612e50664f74e72968f9769fd41738877bec3fde7ac499c3c2e,12,4674
angel000a43c1d3a23612e50664f74e72968f9769fd41738877bec3fde7ac499c3c2e,2784780601439159209788658090705472574642535951829056589645544608021554534124891516290905544361597850092930996243366571301106385741979896571954023922265249,00097943df79eb6424950d4e79cc0b08c8fcd08b26299a498f370f9921fe5fb2,12,2706
angel00097943df79eb6424950d4e79cc0b08c8fcd08b26299a498f370f9921fe5fb2,11859146390481296940436188390457057273698386152182520297452405440374643152064639357651522126302545055729236134250998492102153048476522025174863682471225292,0000f5ad0a31ec59cc632824bd4fb9eddd85801ee3ed77e49854523d7d108b51,13,7378
angel0000f5ad0a31ec59cc632824bd4fb9eddd85801ee3ed77e49854523d7d108b51,1401681905401654312631280136179766807371049312412711987189652861666146319822484006754234880216137349492145957930729469011043600456540953218070228920911623,000657758302a20244738d47e72ac4c0609af09a14b99386260b615783b3ed89,13,15875
angel000657758302a20244738d47e72ac4c0609af09a14b99386260b615783b3ed89,4192443599603757425204607392362559028915703113830927540916670303261502209576746094510083161355882146797244245079016668127810469264886377689507365132769542,00006f751d5d8218fa0bd35fd9f9fa33e0d6863740a33cce26dbd5ef202af96e,13,7883
angel00006f751d5d8218fa0bd35fd9f9fa33e0d6863740a33cce26dbd5ef202af96e,8059980774738717336628968807843493356903111524542996816215632658218689868347685089529706989685680919717744423941564728873905390702335260709490249068333330,0007cb8196953f636663303e158ba4fcb515bc89388e019f191b7bfe1022895d,13,832
angel0007cb8196953f636663303e158ba4fcb515bc89388e019f191b7bfe1022895d,6653850671357384255546731650789236203969328688686166228300844742066070531457728959115206696309870463992883643216649446920331668777972124922724724099548844,0007678d0594a5fa8cfda2e0de409c4de5fd190febe320993ad258f594a1dc1d,13,12473
angel0007678d0594a5fa8cfda2e0de409c4de5fd190febe320993ad258f594a1dc1d,1258555570338861938902835035059045171548889423837349279159805862284444024550596556245101490159009373793176455839535346556191859206201462305107941115657866,00026030370d9df985955236001be30a2306d1ff3631930ccc4bacca12a24117,13,1973
angel00026030370d9df985955236001be30a2306d1ff3631930ccc4bacca12a24117,2456239678974955824256957086834980914134540602242307997955636761765686728613868752156067258750474040982774578461882840341632747745230283696689396195554483,0000c1facd3fb7a5bb158a88e3bbcdea2e36c46566243c71463c602e70cfd6c2,13,1525
angel0000c1facd3fb7a5bb158a88e3bbcdea2e36c46566243c71463c602e70cfd6c2,3533553375599523660573137686512911363047942054010898167931767027651403943538800082619339648898644984939125258028539250832487818451818538587386294079339616,0002bae9ff3536fff80c18f7bb7ccf9e0bb1429985627f98366638896a3c62ae,13,33890
angel0002bae9ff3536fff80c18f7bb7ccf9e0bb1429985627f98366638896a3c62ae,2308829820872038577908149884172749250226721987112038269807537945203392811438833136633885028713246711201136902626741067318326653775293205873509211475095247,00062e49007e48dec36fd64bf6cb888328aa3a7e105c5c83ddbd238d21f4e74d,13,18365
angel00062e49007e48dec36fd64bf6cb888328aa3a7e105c5c83ddbd238d21f4e74d,12926508866377215584414093897999018530692160272942840365830906374729817330035252910647738976661756740672046042863196876078594475471727613798354544906963130,0002ff81bd3bb3e9e4ba1fd720d5f694fc299ba057e394b0df8a064e382a0809,13,5577
angel0002ff81bd3bb3e9e4ba1fd720d5f694fc299ba057e394b0df8a064e382a0809,8446604301461762669057593711182802410342743198228847130221125341778274995281556746815199315334738793553312807470526640336494962256577096391543473226373970,00000d0996d26af6de2bce7d8a16b01f9e7a83e9fe9dc822f960ac9e1e953b06,14,21140
angel00000d0996d26af6de2bce7d8a16b01f9e7a83e9fe9dc822f960ac9e1e953b06,289088245924454876038494141557189888667577555472149568213383750118219498434450058035533334041634803586820560227718682911932431582536484505657491241337087,0001534d4661093eb497678e42fa740d887f6a4a17d0e7361efef45662c9302f,14,37226
angel0001534d4661093eb497678e42fa740d887f6a4a17d0e7361efef45662c9302f,9200022671359860263582293253479047267181091891153809241712719759973409134471762794853126683684284781481502988783379566159021799544780603904862362598005023,0002589838980e302c1b0065a6cfe96a9440591d3498ec09f1dadc49ba9c8031,14,1244
angel0002589838980e302c1b0065a6cfe96a9440591d3498ec09f1dadc49ba9c8031,147156172433355106888487257927215258001446846169464551660207318539121893278415754355981335417170009150904137626442618818043356319174684119522594153866113,000303d177f0b6037de7a29a4488c6e0f1da319558f8790d93e8b207cb9c4db8,14,18401
angel000303d177f0b6037de7a29a4488c6e0f1da319558f8790d93e8b207cb9c4db8,2572329238106498944045638163093466781421671467945453522716141429795218062996626580955437977815988298009194720169202895726608789184521499047564125736287826,0002332d6a7ea671008efd23a3496985aeb15dc4b8972b6151f05f2d99be580d,14,61763
angel0002332d6a7ea671008efd23a3496985aeb15dc4b8972b6151f05f2d99be580d,8380878573701180245994117411593774458248884644978088332517019599357339154525635591189930038195426749425727766146930402411355519411330606282242931141339504,00020a3343b43b3434c968fdbdeea4548f7f1cc9513ee81ea37ec6cf590d66c6,14,26599
angel00020a3343b43b3434c968fdbdeea4548f7f1cc9513ee81ea37ec6cf590d66c6,2618850134410933582767598473476340842601378372743288201971061692647984038225869233730155123359531642527400848608048265941822447071269326438131305107588273,0003bf64f3344756656d6623bf85e2f0b095a515f5af7e3545a1ae0f299f1844,14,690
angel0003bf64f3344756656d6623bf85e2f0b095a515f5af7e3545a1ae0f299f1844,6880113421092189083920513774273670528531218661803019436612167382040016042506002086941982461215900911547491918875955426281666760026979876701526962750196499,00032503b0f1af3674d28503fae27572ce3ce7ddb72abe9de08975d93712e694,14,16499
angel00032503b0f1af3674d28503fae27572ce3ce7ddb72abe9de08975d93712e694,11233994118186742906690237054407955023147703182289506654301570811997409380217907413924077526781188814101563021947797667184418096336683891990546983677188386,00012503ad481efc21d45dece7cc61650230d9dbc72744545f5430ab0b24ce76,14,44151
angel00012503ad481efc21d45dece7cc61650230d9dbc72744545f5430ab0b24ce76,10034807971589365346471955005060605328260683942237882764938403032025024740308827867495207856182952386864553140464003995135666171962059180724313197950576577,00032c2f59dae5d1f4851e9174a9e2f6dd27244f81ac7edaef6644bcb0398e4a,14,9614
angel00032c2f59dae5d1f4851e9174a9e2f6dd27244f81ac7edaef6644bcb0398e4a,11074513084859105410966943873383944926913127036838002280994581744335377871311486383193210026611313686123893109414609684549770147913678284815952583030756647,0000b2c5cf5a5b28b6098a93ce100555082b835e943d1c5d9ac359b28ea64dfd,15,77545
angel0000b2c5cf5a5b28b6098a93ce100555082b835e943d1c5d9ac359b28ea64dfd,112162720190105423289874443522940323434092662339895020775629818108743614311700924700622599039817067188371689657910652561066855951065056162667664168158663,0000555073574c3ec3d7befb4aacf04b5c70dd9509d4306d052014901f3524a5,15,6654
angel0000555073574c3ec3d7befb4aacf04b5c70dd9509d4306d052014901f3524a5,7705405963581827197292106330444571882040410053941045753775821609885117966924778596489948599977990001134942943670513194309044414618408531569612754491908611,00017b08f785802761d356b5a359487c344b790dbf572da951eb3f7f2b67a0fa,15,17562
angel00017b08f785802761d356b5a359487c344b790dbf572da951eb3f7f2b67a0fa,11794075804521858840527517610477214587820937951286009651912402507527809231276671988779885069400336595025087885973532736742647230125245534947593066833871484,0001e1f8c6f67184b75fe74f02b02d3e0ffc73868ba10446f9847e2d3dce4d4f,15,345
angel0001e1f8c6f67184b75fe74f02b02d3e0ffc73868ba10446f9847e2d3dce4d4f,3035847504603552846959786792649375346289963787050606540266700143295429101980935414035422258286821924662296719636461112447081380898518206615692152597744364,0001c7e7674d621f6d4d5429aa359dd1b9c8b1bbc4abaa6b321ce68c85fdf581,15,19703
angel0001c7e7674d621f6d4d5429aa359dd1b9c8b1bbc4abaa6b321ce68c85fdf581,9078524324226520239886518703377510428682054255123950786654385361457275019659861438538741795745954293381182126252205732543192716767753611553505228258022797,00017be0ff0175ead7c8000519b7c8fc8d502baa33e6092173242ca2125a4634,15,34232
angel00017be0ff0175ead7c8000519b7c8fc8d502baa33e6092173242ca2125a4634,37889038443185419566048019058260744347004446140710560521766767483567274619783125328334932478824595869544730698392884929211202809016889462337887667588835,0001a140d48492daf5f9de5e130e6248a859e5b6f9fec2b51dfc6e150eb61f29,15,12542
angel0001a140d48492daf5f9de5e130e6248a859e5b6f9fec2b51dfc6e150eb61f29,11875125739880822992661404915527106971117272708493659101258431013461753302639982937310161440898672545545853398506717752177711573387044802734038673149520475,0001f34fe40a217412a607b9f5ca7fef0a64a17b7b95d7846edc682611ac219c,15,28599
angel0001f34fe40a217412a607b9f5ca7fef0a64a17b7b95d7846edc682611ac219c,4502112693043090156952965782949580306324618582128767976025594705505766868874796243374449651096626081828660243680449174780780120731977030987554755038926794,000149ac5844774ceaa5c4105e159af6afe29566febb52abaf310a179ec3bedf,15,53944
angel000149ac5844774ceaa5c4105e159af6afe29566febb52abaf310a179ec3bedf,3587740076521345344805216097297706299379908754304320713447410800443156358948063477982596338705367477010000031096730209906241451467490224742319893829677718,00010c13aec3afa1a01902d4fcc7e46260c6226f08c230a2c6daf38f53889aa8,15,103202
angel00010c13aec3afa1a01902d4fcc7e46260c6226f08c230a2c6daf38f53889aa8,16935724950924834109188304967039515356224212933571331937799411496793699729896227928462686082660203881930488954086287531203456061277232724207376918820846,00001ed4592d89b46a715703e0c109561428ddd68cd533af6185b79c6f91541c,16,79454
angel00001ed4592d89b46a715703e0c109561428ddd68cd533af6185b79c6f91541c,2206155574492489848894216889940366866283876085846831859929380986120923405115314511954875449647027976110193170377020647604381323382439787286430628030421931,0000a100324556974f7d0fad987a33770538497858f12afbf113b9c857d2aab6,16,65460
angel0000a100324556974f7d0fad987a33770538497858f12afbf113b9c857d2aab6,11669804858051965062221046309996991449243889424956415775355519666346770353793035986766097841191023719976302402445117004157942616636781932278304435751012818,0000fe8e4d2f8afacfb3d1aba6c4fccd7b1b62c32116a37f926a27c635715f47,16,11789
angel0000fe8e4d2f8afacfb3d1aba6c4fccd7b1b62c32116a37f926a27c635715f47,1046113423120775473694859025906021575632983124952141143999559799540316731466225031883644731296686900350970490707071881513680318336112868591126252709308837,000071b4109c8d65ee41cb8e8a6eb4d0c1d8bdb8337dee02007171a47d49b4f4,16,32811
angel000071b4109c8d65ee41cb8e8a6eb4d0c1d8bdb8337dee02007171a47d49b4f4,8326036719527606747901211123511995057895238003863487055384373516838272186968460153222241757770090785368038762565207927331946060791324572055765043165865164,00001a632145af55c56cfe8d569fae0a9c0bcace0a37f9ae23d9330da98d4942,16,48314
angel00001a632145af55c56cfe8d569fae0a9c0bcace0a37f9ae23d9330da98d4942,11949083464118992891829628665562608174845709945692592233135324572702632054838040971462537116034788408273985374272242704742615108419958983238390938189210489,00005f652c8c2477e703fa80eacf7ee6954fb9b4be21b6759b9d1b324cfeeef6,16,12226
angel00005f652c8c2477e703fa80eacf7ee6954fb9b4be21b6759b9d1b324cfeeef6,7324641901203686324082852611641496493423793740423569066936026311752194016845054116490904761823824391124037056186642173568089153282079089991910209923772053,0000d775a8e5f9fe0cd4c165b049632da41217697456ffc817098ace816f0ad5,16,46625
angel0000d775a8e5f9fe0cd4c165b049632da41217697456ffc817098ace816f0ad5,9893091914078409833571139362991270260066369969191326850576994023820619672286190294756999910712154914120529693559270128816389017344803057972904308217242492,00000781977d2a6376312f392c8b09ab9e235147f8ef8f3fd1b2ae3e78b2929d,16,1521
angel00000781977d2a6376312f392c8b09ab9e235147f8ef8f3fd1b2ae3e78b2929d,11703832795754815919089366738406525564822105634559937132327385534238558875272272675993026148964637034251528495257787029099561680645111126583479000838986694,000086c85fe2ef6e1f5a4dfd5ac20be8d11b74ff4cf9895dfbd2d31317949dc8,16,7279
angel000086c85fe2ef6e1f5a4dfd5ac20be8d11b74ff4cf9895dfbd2d31317949dc8,3881215751904953976180582095435722939043184839052787548371052918404463295981760811383448426894524695867714682392780238779606389838249804505638231531336737,0000e0ff92de7d81472dfbdc1bf6c346936c99ac4f1f569b209b8d9db0935aa6,16,32786
angel0000e0ff92de7d81472dfbdc1bf6c346936c99ac4f1f569b209b8d9db0935aa6,704605798834394330142749748386180355279723197599986313728337909956472574518432531750085091709207598728972206968381533674302009990863494315871755249376666,00000b07d8f4a94fb4a8f257b5235275e8c585ea699d97b65356d70d907c8b62,17,371267
angel00000b07d8f4a94fb4a8f257b5235275e8c585ea699d97b65356d70d907c8b62,2352188504658372736992966830380036054742428806402488416782367831204800460335854366085788085114969190406908399703671032106692604239049825750410201449446760,0000214194bc5152e376acaa691cb36af4b2db1d15733cde0ccbd2c5d6c7f5ff,17,41457
angel0000214194bc5152e376acaa691cb36af4b2db1d15733cde0ccbd2c5d6c7f5ff,12701026412930737895421392875203301480244226662482922648711679018683695148956500324750691733875361675199219005913608092081929060671204851170265541383741414,000029635121774846d3db5544c37e76c9cb8d28c613eff50ddcc74d9ea0f2d2,17,164379
angel000029635121774846d3db5544c37e76c9cb8d28c613eff50ddcc74d9ea0f2d2,2413031874889350575408052329696932807759819578110139834632126731742912157271224191866226017716866401921713901224456914143935186419013340621988253276592553,00004c686feb2057dd865f1f153498163220c896186793099c8e58b74ddc6b17,17,9070
angel00004c686feb2057dd865f1f153498163220c896186793099c8e58b74ddc6b17,2630200166474674568504705831712668010582158411493023444409040757390355755616298882204786883038034923831680038893193657997214400726958351740178699656650242,00005d0b139632a22a58d7bcaebc010e67e3f6b43c19963d3458033f3421a171,17,29667
angel00005d0b139632a22a58d7bcaebc010e67e3f6b43c19963d3458033f3421a171,1308715023956578360560633406282278289313148005614074398038946253522277960493305023610131282267824930265849227164794782982461152327891054863903848163532823,00006de26a42e92653fdd92dc5fd69513b104ebab4d5d8f1cf74210f9b930e64,17,32503
angel00006de26a42e92653fdd92dc5fd69513b104ebab4d5d8f1cf74210f9b930e64,7797859057961537337806474097746677630284179719801620307206982751052541100299591865832551396671148589803849730604559127572926268478835805120455389055642728,00003980e2586f536e7796e63b9fb5c1162661f3b8b7e327d09fe6ca2ef6ff58,17,108188
angel00003980e2586f536e7796e63b9fb5c1162661f3b8b7e327d09fe6ca2ef6ff58,601638367197980018774205478123620114926825314214740564650161341033149978992595572270832519233728887109401723969008999652798379952517956353269948952639223,00007e91ef442d69aa5c8c2a02d875dce7efdae8103c037307083a15016ee970,17,179162
angel00007e91ef442d69aa5c8c2a02d875dce7efdae8103c037307083a15016ee970,2337830685356528527512904678721506230171081228252681738820661982238588072712086701257870399341859752693706739423658675616867904221616406257810049597826660,00002436f36fedc9611e6e5183e7ebc244d67b6defc0a47f0c8ed699bbe26591,17,229227
angel00002436f36fedc9611e6e5183e7ebc244d67b6defc0a47f0c8ed699bbe26591,8502864175641309681400617413473709457568340064232289885735627841003913823795654074629870062959594436584789559146876990209514915146188329613281803463997528,000062d9316922a86c7f0498c7fce2282bcb659769245c003ea911d425649a49,17,35918
